<mxfile host="app.diagrams.net">
  <diagram name="AgriPredict ER Diagram" id="agriPredictER">
    <mxGraphModel>
      <root>
        <mxCell id="0" />
        <mxCell id="1" parent="0" />

        <!-- Crop -->
        <mxCell id="crop" value="CROP (Crop_ID, Crop_Name, Category, Season, Soil_Type)" style="rounded=1;whiteSpace=wrap;html=1;" vertex="1" parent="1">
          <mxGeometry x="60" y="60" width="220" height="60" as="geometry" />
        </mxCell>

        <!-- Price_Record -->
        <mxCell id="price" value="PRICE_RECORD (Price_ID, Date, Min_Price, Max_Price, Modal_Price, Crop_ID, Market_ID)" style="rounded=1;whiteSpace=wrap;html=1;" vertex="1" parent="1">
          <mxGeometry x="340" y="60" width="300" height="60" as="geometry" />
        </mxCell>

        <!-- Market -->
        <mxCell id="market" value="MARKET (Market_ID, Market_Name, Location, Market_Type)" style="rounded=1;whiteSpace=wrap;html=1;" vertex="1" parent="1">
          <mxGeometry x="700" y="60" width="240" height="60" as="geometry" />
        </mxCell>

        <!-- Weather_Data -->
        <mxCell id="weather" value="WEATHER_DATA (Weather_ID, Date, Temperature, Rainfall, Humidity, Wind_Speed)" style="rounded=1;whiteSpace=wrap;html=1;" vertex="1" parent="1">
          <mxGeometry x="60" y="180" width="280" height="60" as="geometry" />
        </mxCell>

        <!-- Training_Dataset -->
        <mxCell id="train" value="TRAINING_DATASET (Dataset_ID, Crop_ID, Market_ID, Weather_ID, Collected_Date, Data_Source)" style="rounded=1;whiteSpace=wrap;html=1;" vertex="1" parent="1">
          <mxGeometry x="400" y="180" width="320" height="60" as="geometry" />
        </mxCell>

        <!-- ML_Model -->
        <mxCell id="model" value="ML_MODEL (Model_ID, Model_Name, Algorithm, Version, Training_Date, Accuracy)" style="rounded=1;whiteSpace=wrap;html=1;" vertex="1" parent="1">
          <mxGeometry x="780" y="180" width="280" height="60" as="geometry" />
        </mxCell>

        <!-- Prediction -->
        <mxCell id="prediction" value="PREDICTION (Prediction_ID, Crop_ID, Market_ID, Predicted_Min_Price, Predicted_Max_Price, Predicted_Date, Confidence_Score, Model_ID)" style="rounded=1;whiteSpace=wrap;html=1;" vertex="1" parent="1">
          <mxGeometry x="400" y="300" width="340" height="80" as="geometry" />
        </mxCell>

        <!-- Relationships (lines) -->
        <mxCell id="rel1" edge="1" parent="1" source="crop" target="price">
          <mxGeometry relative="1" as="geometry" />
        </mxCell>
        <mxCell id="rel2" edge="1" parent="1" source="market" target="price">
          <mxGeometry relative="1" as="geometry" />
        </mxCell>
        <mxCell id="rel3" edge="1" parent="1" source="weather" target="train">
          <mxGeometry relative="1" as="geometry" />
        </mxCell>
        <mxCell id="rel4" edge="1" parent="1" source="train" target="model">
          <mxGeometry relative="1" as="geometry" />
        </mxCell>
        <mxCell id="rel5" edge="1" parent="1" source="model" target="prediction">
          <mxGeometry relative="1" as="geometry" />
        </mxCell>
        <mxCell id="rel6" edge="1" parent="1" source="crop" target="prediction">
          <mxGeometry relative="1" as="geometry" />
        </mxCell>
        <mxCell id="rel7" edge="1" parent="1" source="market" target="prediction">
          <mxGeometry relative="1" as="geometry" />
        </mxCell>

      </root>
    </mxGraphModel>
  </diagram>
</mxfile>
